[{"model": "admin.logentry", "pk": 1, "fields": {"action_time": "2025-06-25T18:59:51.203Z", "user": 1, "content_type": 7, "object_id": "1", "object_repr": "Kaos Palestina Al Aqsa", "action_flag": 1, "change_message": "[{\"added\": {}}]"}}, {"model": "admin.logentry", "pk": 2, "fields": {"action_time": "2025-06-25T18:59:58.504Z", "user": 1, "content_type": 7, "object_id": "1", "object_repr": "Kaos Palestina Al Aqsa", "action_flag": 2, "change_message": "[]"}}, {"model": "admin.logentry", "pk": 3, "fields": {"action_time": "2025-06-25T19:00:13.898Z", "user": 1, "content_type": 7, "object_id": "2", "object_repr": "Kaos Palestina - Save Gaza Palestine", "action_flag": 1, "change_message": "[{\"added\": {}}]"}}, {"model": "admin.logentry", "pk": 4, "fields": {"action_time": "2025-06-25T19:27:32.904Z", "user": 1, "content_type": 7, "object_id": "2", "object_repr": "Kaos Palestina - Save Gaza Palestine", "action_flag": 2, "change_message": "[{\"changed\": {\"fields\": [\"Gambar\"]}}]"}}, {"model": "admin.logentry", "pk": 5, "fields": {"action_time": "2025-06-25T19:27:43.409Z", "user": 1, "content_type": 7, "object_id": "1", "object_repr": "Kaos Palestina Al Aqsa", "action_flag": 2, "change_message": "[{\"changed\": {\"fields\": [\"Gambar\"]}}]"}}, {"model": "admin.logentry", "pk": 6, "fields": {"action_time": "2025-06-25T22:39:23.054Z", "user": 2, "content_type": 4, "object_id": "3", "object_repr": "admin", "action_flag": 1, "change_message": "[{\"added\": {}}]"}}, {"model": "admin.logentry", "pk": 7, "fields": {"action_time": "2025-06-25T22:44:25.967Z", "user": 2, "content_type": 10, "object_id": "1", "object_repr": "Kaos", "action_flag": 1, "change_message": "[{\"added\": {}}]"}}, {"model": "admin.logentry", "pk": 8, "fields": {"action_time": "2025-06-25T22:44:28.892Z", "user": 2, "content_type": 9, "object_id": "1", "object_repr": "Kaos Palestina - Save Gaza Palestine", "action_flag": 1, "change_message": "[{\"added\": {}}]"}}, {"model": "admin.logentry", "pk": 9, "fields": {"action_time": "2025-06-25T22:46:23.840Z", "user": 2, "content_type": 9, "object_id": "2", "object_repr": "Kaos Palestina - Al aqsa", "action_flag": 1, "change_message": "[{\"added\": {}}]"}}, {"model": "admin.logentry", "pk": 10, "fields": {"action_time": "2025-06-26T00:00:23.575Z", "user": 2, "content_type": 9, "object_id": "3", "object_repr": "Kaos Palestina - Save Gaza Palestine", "action_flag": 1, "change_message": "[{\"added\": {}}]"}}, {"model": "admin.logentry", "pk": 11, "fields": {"action_time": "2025-06-26T00:00:32.668Z", "user": 2, "content_type": 9, "object_id": "3", "object_repr": "Kaos Palestina - Save Gaza Palestine", "action_flag": 2, "change_message": "[{\"changed\": {\"fields\": [\"Image\"]}}]"}}, {"model": "admin.logentry", "pk": 12, "fields": {"action_time": "2025-06-26T00:00:50.070Z", "user": 2, "content_type": 9, "object_id": "2", "object_repr": "Kaos Palestina - Al aqsa", "action_flag": 2, "change_message": "[{\"changed\": {\"fields\": [\"Image\"]}}]"}}, {"model": "admin.logentry", "pk": 13, "fields": {"action_time": "2025-06-26T00:00:59.581Z", "user": 2, "content_type": 9, "object_id": "1", "object_repr": "Kaos Palestina - Save Gaza Palestine", "action_flag": 2, "change_message": "[{\"changed\": {\"fields\": [\"Image\"]}}]"}}, {"model": "admin.logentry", "pk": 14, "fields": {"action_time": "2025-06-26T00:29:43.830Z", "user": 2, "content_type": 9, "object_id": "3", "object_repr": "Kaos Palestina - Save Gaza Palestine", "action_flag": 3, "change_message": ""}}, {"model": "admin.logentry", "pk": 15, "fields": {"action_time": "2025-06-26T00:29:43.830Z", "user": 2, "content_type": 9, "object_id": "2", "object_repr": "Kaos Palestina - Al aqsa", "action_flag": 3, "change_message": ""}}, {"model": "admin.logentry", "pk": 16, "fields": {"action_time": "2025-06-26T00:29:43.830Z", "user": 2, "content_type": 9, "object_id": "1", "object_repr": "Kaos Palestina - Save Gaza Palestine", "action_flag": 3, "change_message": ""}}, {"model": "admin.logentry", "pk": 17, "fields": {"action_time": "2025-06-26T00:30:22.496Z", "user": 2, "content_type": 9, "object_id": "4", "object_repr": "Kaos Palestina - Save Gaza Palestine", "action_flag": 1, "change_message": "[{\"added\": {}}]"}}, {"model": "admin.logentry", "pk": 18, "fields": {"action_time": "2025-06-26T00:34:26.891Z", "user": 2, "content_type": 9, "object_id": "4", "object_repr": "Kaos Palestina - Save Gaza Palestine", "action_flag": 2, "change_message": "[{\"changed\": {\"fields\": [\"Image\"]}}]"}}, {"model": "admin.logentry", "pk": 19, "fields": {"action_time": "2025-06-26T00:36:44.995Z", "user": 2, "content_type": 9, "object_id": "4", "object_repr": "Kaos Palestina - Save Gaza Palestine", "action_flag": 2, "change_message": "[{\"changed\": {\"fields\": [\"Image\"]}}]"}}, {"model": "admin.logentry", "pk": 20, "fields": {"action_time": "2025-06-26T00:38:59.587Z", "user": 2, "content_type": 9, "object_id": "4", "object_repr": "Kaos Palestina - Save Gaza Palestine", "action_flag": 2, "change_message": "[{\"changed\": {\"fields\": [\"Image\"]}}]"}}, {"model": "admin.logentry", "pk": 21, "fields": {"action_time": "2025-06-27T22:37:34.792Z", "user": 2, "content_type": 9, "object_id": "5", "object_repr": "Kaos Palestina - Al aqsa", "action_flag": 1, "change_message": "[{\"added\": {}}]"}}, {"model": "admin.logentry", "pk": 22, "fields": {"action_time": "2025-06-27T22:38:08.546Z", "user": 2, "content_type": 9, "object_id": "6", "object_repr": "SAVE GAZA PALESTINE HITAM", "action_flag": 1, "change_message": "[{\"added\": {}}]"}}, {"model": "admin.logentry", "pk": 23, "fields": {"action_time": "2025-06-29T20:49:11.153Z", "user": 2, "content_type": 10, "object_id": "1", "object_repr": "pakaian", "action_flag": 2, "change_message": "[{\"changed\": {\"fields\": [\"Name\", \"Slug\"]}}]"}}, {"model": "admin.logentry", "pk": 24, "fields": {"action_time": "2025-06-29T20:49:22.153Z", "user": 2, "content_type": 10, "object_id": "2", "object_repr": "parfum", "action_flag": 1, "change_message": "[{\"added\": {}}]"}}, {"model": "admin.logentry", "pk": 25, "fields": {"action_time": "2025-06-29T20:49:30.274Z", "user": 2, "content_type": 10, "object_id": "3", "object_repr": "makanan", "action_flag": 1, "change_message": "[{\"added\": {}}]"}}, {"model": "admin.logentry", "pk": 26, "fields": {"action_time": "2025-06-29T20:49:36.034Z", "user": 2, "content_type": 10, "object_id": "4", "object_repr": "aksesosris", "action_flag": 1, "change_message": "[{\"added\": {}}]"}}, {"model": "admin.logentry", "pk": 27, "fields": {"action_time": "2025-06-29T20:49:41.044Z", "user": 2, "content_type": 10, "object_id": "5", "object_repr": "kesehatan", "action_flag": 1, "change_message": "[{\"added\": {}}]"}}, {"model": "admin.logentry", "pk": 28, "fields": {"action_time": "2025-06-29T20:56:42.662Z", "user": 2, "content_type": 9, "object_id": "7", "object_repr": "Parfum Arabic - Egyptian", "action_flag": 1, "change_message": "[{\"added\": {}}]"}}, {"model": "admin.logentry", "pk": 29, "fields": {"action_time": "2025-06-29T20:57:36.235Z", "user": 2, "content_type": 9, "object_id": "8", "object_repr": "Kurma Arabic Gurun Sahara", "action_flag": 1, "change_message": "[{\"added\": {}}]"}}, {"model": "admin.logentry", "pk": 30, "fields": {"action_time": "2025-06-29T20:58:22.145Z", "user": 2, "content_type": 9, "object_id": "9", "object_repr": "Kaligrafi Arabic - Berliac", "action_flag": 1, "change_message": "[{\"added\": {}}]"}}, {"model": "admin.logentry", "pk": 31, "fields": {"action_time": "2025-06-29T20:59:08.401Z", "user": 2, "content_type": 9, "object_id": "10", "object_repr": "Madu Herbal Arabic - Original Alami", "action_flag": 1, "change_message": "[{\"added\": {}}]"}}, {"model": "admin.logentry", "pk": 32, "fields": {"action_time": "2025-06-29T21:00:22.911Z", "user": 2, "content_type": 10, "object_id": "4", "object_repr": "aksesoris", "action_flag": 2, "change_message": "[{\"changed\": {\"fields\": [\"Name\", \"Slug\"]}}]"}}, {"model": "admin.logentry", "pk": 33, "fields": {"action_time": "2025-06-29T22:55:22.550Z", "user": 1, "content_type": 9, "object_id": "5", "object_repr": "Kaos Palestina - Al aqsa", "action_flag": 2, "change_message": "[{\"added\": {\"name\": \"product variation\", \"object\": \"Kaos Palestina - Al aqsa - S\"}}]"}}, {"model": "admin.logentry", "pk": 34, "fields": {"action_time": "2025-06-29T23:08:01.793Z", "user": 1, "content_type": 9, "object_id": "6", "object_repr": "SAVE GAZA PALESTINE HITAM", "action_flag": 2, "change_message": "[]"}}, {"model": "admin.logentry", "pk": 35, "fields": {"action_time": "2025-06-29T23:17:09.712Z", "user": 1, "content_type": 9, "object_id": "6", "object_repr": "SAVE GAZA PALESTINE HITAM", "action_flag": 2, "change_message": "[{\"added\": {\"name\": \"product variation type\", \"object\": \"SAVE GAZA PALESTINE HITAM - Ukuran\"}}, {\"added\": {\"name\": \"product variation value\", \"object\": \"SAVE GAZA PALESTINE HITAM - Ukuran : S\"}}, {\"added\": {\"name\": \"product variation value\", \"object\": \"SAVE GAZA PALESTINE HITAM - Ukuran : M\"}}, {\"added\": {\"name\": \"product variation value\", \"object\": \"SAVE GAZA PALESTINE HITAM - Ukuran : L\"}}, {\"added\": {\"name\": \"product variation value\", \"object\": \"SAVE GAZA PALESTINE HITAM - Ukuran : XL\"}}]"}}, {"model": "admin.logentry", "pk": 36, "fields": {"action_time": "2025-06-29T23:17:32.605Z", "user": 1, "content_type": 9, "object_id": "10", "object_repr": "Madu Herbal Arabic - Original Alami", "action_flag": 2, "change_message": "[{\"added\": {\"name\": \"product variation type\", \"object\": \"Madu Herbal Arabic - Original Alami - Ukuran\"}}, {\"added\": {\"name\": \"product variation value\", \"object\": \"Madu Herbal Arabic - Original Alami - Ukuran : 100 ml\"}}, {\"added\": {\"name\": \"product variation value\", \"object\": \"Madu Herbal Arabic - Original Alami - Ukuran : 200 ml\"}}]"}}, {"model": "admin.logentry", "pk": 37, "fields": {"action_time": "2025-06-29T23:17:56.750Z", "user": 1, "content_type": 9, "object_id": "9", "object_repr": "Kaligrafi Arabic - Berliac", "action_flag": 2, "change_message": "[{\"added\": {\"name\": \"product variation type\", \"object\": \"Kaligrafi Arabic - Berliac - Ukuran\"}}, {\"added\": {\"name\": \"product variation value\", \"object\": \"Kaligrafi Arabic - Berliac - Ukuran : 50x50\"}}, {\"added\": {\"name\": \"product variation value\", \"object\": \"Kaligrafi Arabic - Berliac - Ukuran : 70x70\"}}, {\"added\": {\"name\": \"product variation value\", \"object\": \"Kaligrafi Arabic - Berliac - Ukuran : 100x100\"}}]"}}, {"model": "admin.logentry", "pk": 38, "fields": {"action_time": "2025-06-29T23:18:14.772Z", "user": 1, "content_type": 9, "object_id": "7", "object_repr": "Parfum Arabic - Egyptian", "action_flag": 2, "change_message": "[{\"added\": {\"name\": \"product variation type\", \"object\": \"Parfum Arabic - Egyptian - Ukuran\"}}, {\"added\": {\"name\": \"product variation value\", \"object\": \"Parfum Arabic - Egyptian - Ukuran : 50 ml\"}}, {\"added\": {\"name\": \"product variation value\", \"object\": \"Parfum Arabic - Egyptian - Ukuran : 100 ml\"}}]"}}, {"model": "admin.logentry", "pk": 39, "fields": {"action_time": "2025-06-29T23:19:05.922Z", "user": 1, "content_type": 9, "object_id": "8", "object_repr": "Kurma Arabic Gurun Sahara", "action_flag": 2, "change_message": "[{\"added\": {\"name\": \"product variation type\", \"object\": \"Kurma Arabic Gurun Sahara - Ukuran\"}}, {\"added\": {\"name\": \"product variation value\", \"object\": \"Kurma Arabic Gurun Sahara - Ukuran : 500 g\"}}, {\"added\": {\"name\": \"product variation value\", \"object\": \"Kurma Arabic Gurun Sahara - Ukuran : 750 g\"}}, {\"added\": {\"name\": \"product variation value\", \"object\": \"Kurma Arabic Gurun Sahara - Ukuran : 1000 g\"}}]"}}, {"model": "admin.logentry", "pk": 40, "fields": {"action_time": "2025-06-29T23:25:51.637Z", "user": 1, "content_type": 9, "object_id": "10", "object_repr": "Madu Herbal Arabic - Original Alami", "action_flag": 2, "change_message": "[{\"changed\": {\"name\": \"product variation value\", \"object\": \"Madu Herbal Arabic - Original Alami - Ukuran : 100 ml\", \"fields\": [\"Value\", \"Stock\", \"Price\"]}}, {\"changed\": {\"name\": \"product variation value\", \"object\": \"Madu Herbal Arabic - Original Alami - Ukuran : 200 ml\", \"fields\": [\"Value\", \"Stock\", \"Price\"]}}]"}}, {"model": "admin.logentry", "pk": 41, "fields": {"action_time": "2025-06-30T00:01:04.938Z", "user": 1, "content_type": 9, "object_id": "9", "object_repr": "Kaligrafi Arabic - Berliac", "action_flag": 2, "change_message": "[{\"changed\": {\"fields\": [\"Discount price\"]}}, {\"changed\": {\"name\": \"product variation value\", \"object\": \"Kaligrafi Arabic - Berliac - Ukuran : 50x50\", \"fields\": [\"Stock\", \"Price\"]}}, {\"changed\": {\"name\": \"product variation value\", \"object\": \"Kaligrafi Arabic - Berliac - Ukuran : 70x70\", \"fields\": [\"Stock\", \"Price\"]}}, {\"changed\": {\"name\": \"product variation value\", \"object\": \"Kaligrafi Arabic - Berliac - Ukuran : 100x100\", \"fields\": [\"Stock\", \"Price\"]}}]"}}, {"model": "admin.logentry", "pk": 42, "fields": {"action_time": "2025-06-30T00:01:41.543Z", "user": 1, "content_type": 9, "object_id": "8", "object_repr": "Kurma Arabic Gurun Sahara", "action_flag": 2, "change_message": "[{\"changed\": {\"fields\": [\"Price\", \"Discount price\"]}}, {\"changed\": {\"name\": \"product variation value\", \"object\": \"Kurma Arabic Gurun Sahara - Ukuran : 500 g\", \"fields\": [\"Price\"]}}, {\"changed\": {\"name\": \"product variation value\", \"object\": \"Kurma Arabic Gurun Sahara - Ukuran : 750 g\", \"fields\": [\"Stock\", \"Price\"]}}, {\"changed\": {\"name\": \"product variation value\", \"object\": \"Kurma Arabic Gurun Sahara - Ukuran : 1000 g\", \"fields\": [\"Price\"]}}]"}}, {"model": "admin.logentry", "pk": 43, "fields": {"action_time": "2025-06-30T00:02:03.448Z", "user": 1, "content_type": 9, "object_id": "7", "object_repr": "Parfum Arabic - Egyptian", "action_flag": 2, "change_message": "[{\"changed\": {\"name\": \"product variation value\", \"object\": \"Parfum Arabic - Egyptian - Ukuran : 50 ml\", \"fields\": [\"Stock\", \"Price\"]}}, {\"changed\": {\"name\": \"product variation value\", \"object\": \"Parfum Arabic - Egyptian - Ukuran : 100 ml\", \"fields\": [\"Stock\", \"Price\"]}}]"}}, {"model": "admin.logentry", "pk": 44, "fields": {"action_time": "2025-06-30T00:02:51.115Z", "user": 1, "content_type": 9, "object_id": "6", "object_repr": "SAVE GAZA PALESTINE HITAM", "action_flag": 2, "change_message": "[{\"changed\": {\"name\": \"product variation value\", \"object\": \"SAVE GAZA PALESTINE HITAM - Ukuran : M\", \"fields\": [\"Stock\", \"Price\"]}}, {\"changed\": {\"name\": \"product variation value\", \"object\": \"SAVE GAZA PALESTINE HITAM - Ukuran : L\", \"fields\": [\"Stock\", \"Price\"]}}, {\"changed\": {\"name\": \"product variation value\", \"object\": \"SAVE GAZA PALESTINE HITAM - Ukuran : XL\", \"fields\": [\"Stock\", \"Price\"]}}, {\"deleted\": {\"name\": \"product variation value\", \"object\": \"SAVE GAZA PALESTINE HITAM - Ukuran : S\"}}]"}}, {"model": "admin.logentry", "pk": 45, "fields": {"action_time": "2025-06-30T00:03:20.192Z", "user": 1, "content_type": 9, "object_id": "5", "object_repr": "Kaos Palestina - Al aqsa", "action_flag": 2, "change_message": "[{\"added\": {\"name\": \"product variation type\", \"object\": \"Kaos Palestina - Al aqsa - Ukuran\"}}, {\"added\": {\"name\": \"product variation value\", \"object\": \"Kaos Palestina - Al aqsa - Ukuran : M\"}}, {\"added\": {\"name\": \"product variation value\", \"object\": \"Kaos Palestina - Al aqsa - Ukuran : L\"}}, {\"added\": {\"name\": \"product variation value\", \"object\": \"Kaos Palestina - Al aqsa - Ukuran : XL\"}}]"}}, {"model": "admin.logentry", "pk": 46, "fields": {"action_time": "2025-06-30T00:03:55.281Z", "user": 1, "content_type": 9, "object_id": "4", "object_repr": "Kaos Palestina - Save Gaza Palestine", "action_flag": 2, "change_message": "[{\"changed\": {\"fields\": [\"Price\", \"Discount price\"]}}, {\"added\": {\"name\": \"product variation type\", \"object\": \"Kaos Palestina - Save Gaza Palestine - Ukuran\"}}, {\"added\": {\"name\": \"product variation value\", \"object\": \"Kaos Palestina - Save Gaza Palestine - Ukuran : M\"}}, {\"added\": {\"name\": \"product variation value\", \"object\": \"Kaos Palestina - Save Gaza Palestine - Ukuran : L\"}}, {\"added\": {\"name\": \"product variation value\", \"object\": \"Kaos Palestina - Save Gaza Palestine - Ukuran : XL\"}}]"}}, {"model": "admin.logentry", "pk": 47, "fields": {"action_time": "2025-06-30T01:05:31.005Z", "user": 1, "content_type": 9, "object_id": "9", "object_repr": "Kaligrafi Arabic - Berliac", "action_flag": 2, "change_message": "[{\"changed\": {\"fields\": [\"Price\"]}}]"}}, {"model": "admin.logentry", "pk": 48, "fields": {"action_time": "2025-06-30T01:06:05.678Z", "user": 1, "content_type": 9, "object_id": "4", "object_repr": "Kaos Palestina - Save Gaza Palestine", "action_flag": 2, "change_message": "[{\"changed\": {\"fields\": [\"Image\"]}}]"}}, {"model": "auth.permission", "pk": 1, "fields": {"name": "Can add log entry", "content_type": 1, "codename": "add_logentry"}}, {"model": "auth.permission", "pk": 2, "fields": {"name": "Can change log entry", "content_type": 1, "codename": "change_logentry"}}, {"model": "auth.permission", "pk": 3, "fields": {"name": "Can delete log entry", "content_type": 1, "codename": "delete_logentry"}}, {"model": "auth.permission", "pk": 4, "fields": {"name": "Can view log entry", "content_type": 1, "codename": "view_logentry"}}, {"model": "auth.permission", "pk": 5, "fields": {"name": "Can add permission", "content_type": 2, "codename": "add_permission"}}, {"model": "auth.permission", "pk": 6, "fields": {"name": "Can change permission", "content_type": 2, "codename": "change_permission"}}, {"model": "auth.permission", "pk": 7, "fields": {"name": "Can delete permission", "content_type": 2, "codename": "delete_permission"}}, {"model": "auth.permission", "pk": 8, "fields": {"name": "Can view permission", "content_type": 2, "codename": "view_permission"}}, {"model": "auth.permission", "pk": 9, "fields": {"name": "Can add group", "content_type": 3, "codename": "add_group"}}, {"model": "auth.permission", "pk": 10, "fields": {"name": "Can change group", "content_type": 3, "codename": "change_group"}}, {"model": "auth.permission", "pk": 11, "fields": {"name": "Can delete group", "content_type": 3, "codename": "delete_group"}}, {"model": "auth.permission", "pk": 12, "fields": {"name": "Can view group", "content_type": 3, "codename": "view_group"}}, {"model": "auth.permission", "pk": 13, "fields": {"name": "Can add user", "content_type": 4, "codename": "add_user"}}, {"model": "auth.permission", "pk": 14, "fields": {"name": "Can change user", "content_type": 4, "codename": "change_user"}}, {"model": "auth.permission", "pk": 15, "fields": {"name": "Can delete user", "content_type": 4, "codename": "delete_user"}}, {"model": "auth.permission", "pk": 16, "fields": {"name": "Can view user", "content_type": 4, "codename": "view_user"}}, {"model": "auth.permission", "pk": 17, "fields": {"name": "Can add content type", "content_type": 5, "codename": "add_contenttype"}}, {"model": "auth.permission", "pk": 18, "fields": {"name": "Can change content type", "content_type": 5, "codename": "change_contenttype"}}, {"model": "auth.permission", "pk": 19, "fields": {"name": "Can delete content type", "content_type": 5, "codename": "delete_contenttype"}}, {"model": "auth.permission", "pk": 20, "fields": {"name": "Can view content type", "content_type": 5, "codename": "view_contenttype"}}, {"model": "auth.permission", "pk": 21, "fields": {"name": "Can add session", "content_type": 6, "codename": "add_session"}}, {"model": "auth.permission", "pk": 22, "fields": {"name": "Can change session", "content_type": 6, "codename": "change_session"}}, {"model": "auth.permission", "pk": 23, "fields": {"name": "Can delete session", "content_type": 6, "codename": "delete_session"}}, {"model": "auth.permission", "pk": 24, "fields": {"name": "Can view session", "content_type": 6, "codename": "view_session"}}, {"model": "auth.permission", "pk": 25, "fields": {"name": "Can add produk", "content_type": 7, "codename": "add_produk"}}, {"model": "auth.permission", "pk": 26, "fields": {"name": "Can change produk", "content_type": 7, "codename": "change_produk"}}, {"model": "auth.permission", "pk": 27, "fields": {"name": "Can delete produk", "content_type": 7, "codename": "delete_produk"}}, {"model": "auth.permission", "pk": 28, "fields": {"name": "Can view produk", "content_type": 7, "codename": "view_produk"}}, {"model": "auth.permission", "pk": 29, "fields": {"name": "Can add order item", "content_type": 8, "codename": "add_orderitem"}}, {"model": "auth.permission", "pk": 30, "fields": {"name": "Can change order item", "content_type": 8, "codename": "change_orderitem"}}, {"model": "auth.permission", "pk": 31, "fields": {"name": "Can delete order item", "content_type": 8, "codename": "delete_orderitem"}}, {"model": "auth.permission", "pk": 32, "fields": {"name": "Can view order item", "content_type": 8, "codename": "view_orderitem"}}, {"model": "auth.permission", "pk": 33, "fields": {"name": "Can add product", "content_type": 9, "codename": "add_product"}}, {"model": "auth.permission", "pk": 34, "fields": {"name": "Can change product", "content_type": 9, "codename": "change_product"}}, {"model": "auth.permission", "pk": 35, "fields": {"name": "Can delete product", "content_type": 9, "codename": "delete_product"}}, {"model": "auth.permission", "pk": 36, "fields": {"name": "Can view product", "content_type": 9, "codename": "view_product"}}, {"model": "auth.permission", "pk": 37, "fields": {"name": "Can add category", "content_type": 10, "codename": "add_category"}}, {"model": "auth.permission", "pk": 38, "fields": {"name": "Can change category", "content_type": 10, "codename": "change_category"}}, {"model": "auth.permission", "pk": 39, "fields": {"name": "Can delete category", "content_type": 10, "codename": "delete_category"}}, {"model": "auth.permission", "pk": 40, "fields": {"name": "Can view category", "content_type": 10, "codename": "view_category"}}, {"model": "auth.permission", "pk": 41, "fields": {"name": "Can add order", "content_type": 11, "codename": "add_order"}}, {"model": "auth.permission", "pk": 42, "fields": {"name": "Can change order", "content_type": 11, "codename": "change_order"}}, {"model": "auth.permission", "pk": 43, "fields": {"name": "Can delete order", "content_type": 11, "codename": "delete_order"}}, {"model": "auth.permission", "pk": 44, "fields": {"name": "Can view order", "content_type": 11, "codename": "view_order"}}, {"model": "auth.permission", "pk": 45, "fields": {"name": "Can add product variation", "content_type": 12, "codename": "add_productvariation"}}, {"model": "auth.permission", "pk": 46, "fields": {"name": "Can change product variation", "content_type": 12, "codename": "change_productvariation"}}, {"model": "auth.permission", "pk": 47, "fields": {"name": "Can delete product variation", "content_type": 12, "codename": "delete_productvariation"}}, {"model": "auth.permission", "pk": 48, "fields": {"name": "Can view product variation", "content_type": 12, "codename": "view_productvariation"}}, {"model": "auth.permission", "pk": 49, "fields": {"name": "Can add product variation value", "content_type": 13, "codename": "add_productvariationvalue"}}, {"model": "auth.permission", "pk": 50, "fields": {"name": "Can change product variation value", "content_type": 13, "codename": "change_productvariationvalue"}}, {"model": "auth.permission", "pk": 51, "fields": {"name": "Can delete product variation value", "content_type": 13, "codename": "delete_productvariationvalue"}}, {"model": "auth.permission", "pk": 52, "fields": {"name": "Can view product variation value", "content_type": 13, "codename": "view_productvariationvalue"}}, {"model": "auth.permission", "pk": 53, "fields": {"name": "Can add product variation type", "content_type": 14, "codename": "add_productvariationtype"}}, {"model": "auth.permission", "pk": 54, "fields": {"name": "Can change product variation type", "content_type": 14, "codename": "change_productvariationtype"}}, {"model": "auth.permission", "pk": 55, "fields": {"name": "Can delete product variation type", "content_type": 14, "codename": "delete_productvariationtype"}}, {"model": "auth.permission", "pk": 56, "fields": {"name": "Can view product variation type", "content_type": 14, "codename": "view_productvariationtype"}}, {"model": "auth.user", "pk": 1, "fields": {"password": "pbkdf2_sha256$1000000$P39pHnX1nKqLAEaFJSTlOq$X9dQVi07MaLypAg7dcOroYUqPujYMemTr2SYWdY1ydw=", "last_login": "2025-07-03T01:02:28.616Z", "is_superuser": true, "username": "arabic", "first_name": "", "last_name": "", "email": "akhmad.zealand@gmail.com", "is_staff": true, "is_active": true, "date_joined": "2025-06-25T18:56:24.356Z", "groups": [], "user_permissions": []}}, {"model": "auth.user", "pk": 2, "fields": {"password": "pbkdf2_sha256$1000000$lqNmlWBNeLS5WiMvvawNYA$qjfWneNuZAY7AGXQ5zK2xuQX4vxuqOv9QCQ5F3Q4+98=", "last_login": "2025-06-26T00:29:24.410Z", "is_superuser": true, "username": "arabicstore", "first_name": "", "last_name": "", "email": "akhmad.zealand@gmail.com", "is_staff": true, "is_active": true, "date_joined": "2025-06-25T21:27:21.264Z", "groups": [], "user_permissions": []}}, {"model": "auth.user", "pk": 3, "fields": {"password": "!5s8rq2TOTimWGifM8F9uksHJOWYK8jk1wGdmDXT0", "last_login": null, "is_superuser": false, "username": "admin", "first_name": "", "last_name": "", "email": "", "is_staff": false, "is_active": true, "date_joined": "2025-06-25T22:39:23.053Z", "groups": [], "user_permissions": []}}, {"model": "auth.user", "pk": 4, "fields": {"password": "pbkdf2_sha256$1000000$m5wpQ3DZeZn7zCkEcsczHL$6vrwC4FnvHqsGe6LgH5b6AaedSzMX6Wqhr9tSUHtqU8=", "last_login": null, "is_superuser": false, "username": "new", "first_name": "", "last_name": "", "email": "aaa@gmail.com", "is_staff": false, "is_active": true, "date_joined": "2025-06-29T22:01:15.849Z", "groups": [], "user_permissions": []}}, {"model": "auth.user", "pk": 5, "fields": {"password": "pbkdf2_sha256$1000000$l5yxXDlwHFIPZfk8wK2Z5x$51Bnb4JMs+Sy3r3I18Ej3sBYOR8emuiPr2EPA+4/4j8=", "last_login": "2025-06-30T00:51:36.005Z", "is_superuser": false, "username": "newe", "first_name": "", "last_name": "", "email": "aaaa@gmail.com", "is_staff": false, "is_active": true, "date_joined": "2025-06-29T22:01:41.382Z", "groups": [], "user_permissions": []}}, {"model": "contenttypes.contenttype", "pk": 1, "fields": {"app_label": "admin", "model": "logentry"}}, {"model": "contenttypes.contenttype", "pk": 2, "fields": {"app_label": "auth", "model": "permission"}}, {"model": "contenttypes.contenttype", "pk": 3, "fields": {"app_label": "auth", "model": "group"}}, {"model": "contenttypes.contenttype", "pk": 4, "fields": {"app_label": "auth", "model": "user"}}, {"model": "contenttypes.contenttype", "pk": 5, "fields": {"app_label": "contenttypes", "model": "contenttype"}}, {"model": "contenttypes.contenttype", "pk": 6, "fields": {"app_label": "sessions", "model": "session"}}, {"model": "contenttypes.contenttype", "pk": 7, "fields": {"app_label": "toko", "model": "produk"}}, {"model": "contenttypes.contenttype", "pk": 8, "fields": {"app_label": "store", "model": "orderitem"}}, {"model": "contenttypes.contenttype", "pk": 9, "fields": {"app_label": "store", "model": "product"}}, {"model": "contenttypes.contenttype", "pk": 10, "fields": {"app_label": "store", "model": "category"}}, {"model": "contenttypes.contenttype", "pk": 11, "fields": {"app_label": "store", "model": "order"}}, {"model": "contenttypes.contenttype", "pk": 12, "fields": {"app_label": "store", "model": "productvariation"}}, {"model": "contenttypes.contenttype", "pk": 13, "fields": {"app_label": "store", "model": "productvariationvalue"}}, {"model": "contenttypes.contenttype", "pk": 14, "fields": {"app_label": "store", "model": "productvariationtype"}}, {"model": "sessions.session", "pk": "27i8xvhhk8vqzhhsv3r5dbbrtn2hpvy9", "fields": {"session_data": ".eJxVjDsOwjAQRO_iGln-4B8lfc5grdcLDiBbipMKcXdiKQV0ozdv5s0ibGuJW6clzpldmGGnX5YAn1RHkR9Q741jq-syJz4UfrSdTy3T63q4fwcFetnXOiPpYH1I5-AIws0oQumkzsJY8Np6BRhEGsQJ0AoJTLJ7ltKqDOzzBd52N58:1uW0V9:diILZY2OCmUWxXLQrw1HFEhIIwaF3ol2fjy6Iikzxo8", "expire_date": "2025-07-13T22:27:55.341Z"}}, {"model": "sessions.session", "pk": "56r43sik9ss81f3qa110rfbmbx5lin88", "fields": {"session_data": ".eJxVjEEOwiAQRe_C2pAwlAIu3XsGMsOAVA0kpV013t026UK3773_NxFwXUpYe5rDxOIqlLj8MsL4SvUQ_MT6aDK2uswTySORp-3y3ji9b2f7d1Cwl33tsmdS3oyakDQgWfJgsopI4EA7ixqNNi6pgXY8Mg4JiR1kT5YRxOcL8dM4iQ:1uUVLE:lLR2VOzisEoJA1Gion9aqk9CuLICrr8JppeLbrP6GIg", "expire_date": "2025-07-09T18:59:28.569Z"}}, {"model": "sessions.session", "pk": "9kf2z6exv6e0ery2cnzgpi9lad5vwnjq", "fields": {"session_data": ".eJxVj80OgjAQhF_F9EzIFral5ejdZyClW6T-UIVyUMK7Sw0HPc7MN5PMwhozx76ZJzc2nljNOMt-vdbYqxtSQBcznENuwxBH3-YJyfd0yk-B3O24s38DvZn6rY0gKqG46ghLTp0oQTtZuKqDAgmgIG1QI0pdtaRaJbAkyRWWxmpOWspt1JoxsnphHBoBcLjfknjOZog-vliNGXuM3rr0ATcAtsrk30nveAICzTZ-n3JY1_UD3sBPdA:1uW21B:Lxi5QdeT1Gzi__QFQtMxZ-QTTpYHxRTI1qAsrvngLIw", "expire_date": "2025-07-14T00:05:05.166Z"}}, {"model": "sessions.session", "pk": "b9pf8d1me9cjck7332qtz8az1n12lbcm", "fields": {"session_data": ".eJxVjMsOwiAQRf-FtSE8hse4dO83EGBAqoYmpV0Z_12bdKHbe865LxbitrawjbKEidiZSXb63VLMj9J3QPfYbzPPc1-XKfFd4Qcd_DpTeV4O9--gxdG-NQjjjJe-EmhJ1WiBxariqlBAQijCCAhg0SXyyRvQZKUHHTNKQmvZ-wOyWzaZ:1uX8LM:I_0LqMugDFBW_Z4ELekU09PR6cL5ZYvuCNplKw4gjG0", "expire_date": "2025-07-17T01:02:28.618Z"}}, {"model": "sessions.session", "pk": "x3m1iufdcfrvzdqkrpzjnorwadfej94d", "fields": {"session_data": ".eJxtjsEOgjAQRP9lz6SpLaWFo3e_gWyXRaoGtJSDIfy7JeGgiZc9zLyZnRVaXNLQLjPHNnTQgILiW_NIdx53o7vheJ0ETWOKwYsdEYc7i8vU8eN8sD8FA85DTpP1UvdWE1beOjKWDRJLXyFro5yyVrNy1Dt2vnJUIvYSiWpEMh5VmUsJY4JmzQvzeS04ppDe0KgCnjEQ5yd1LaUUUsJWgP6lTv-obfsAFcZRZA:1uUaQb:HyvLHxFBxnnGB4tmZJyguglriCq8TFPTGA28aTepU54", "expire_date": "2025-07-10T00:25:21.355Z"}}, {"model": "store.productvariationtype", "pk": 1, "fields": {"product": 6, "name": "Ukuran"}}, {"model": "store.productvariationtype", "pk": 2, "fields": {"product": 10, "name": "Ukuran"}}, {"model": "store.productvariationtype", "pk": 3, "fields": {"product": 9, "name": "Ukuran"}}, {"model": "store.productvariationtype", "pk": 4, "fields": {"product": 7, "name": "Ukuran"}}, {"model": "store.productvariationtype", "pk": 5, "fields": {"product": 8, "name": "Ukuran"}}, {"model": "store.productvariationtype", "pk": 6, "fields": {"product": 5, "name": "Ukuran"}}, {"model": "store.productvariationtype", "pk": 7, "fields": {"product": 4, "name": "Ukuran"}}, {"model": "store.productvariationvalue", "pk": 2, "fields": {"variation_type": 1, "value": "M", "stock": 10, "price": 99000}}, {"model": "store.productvariationvalue", "pk": 3, "fields": {"variation_type": 1, "value": "L", "stock": 10, "price": 99000}}, {"model": "store.productvariationvalue", "pk": 4, "fields": {"variation_type": 1, "value": "XL", "stock": 10, "price": 99000}}, {"model": "store.productvariationvalue", "pk": 5, "fields": {"variation_type": 2, "value": "500 ml", "stock": 20, "price": 125000}}, {"model": "store.productvariationvalue", "pk": 6, "fields": {"variation_type": 2, "value": "750 ml", "stock": 20, "price": 145000}}, {"model": "store.productvariationvalue", "pk": 7, "fields": {"variation_type": 3, "value": "50x50", "stock": 10, "price": 75000}}, {"model": "store.productvariationvalue", "pk": 8, "fields": {"variation_type": 3, "value": "70x70", "stock": 10, "price": 100000}}, {"model": "store.productvariationvalue", "pk": 9, "fields": {"variation_type": 3, "value": "100x100", "stock": 10, "price": 125000}}, {"model": "store.productvariationvalue", "pk": 10, "fields": {"variation_type": 4, "value": "50 ml", "stock": 10, "price": 39000}}, {"model": "store.productvariationvalue", "pk": 11, "fields": {"variation_type": 4, "value": "100 ml", "stock": 10, "price": 45000}}, {"model": "store.productvariationvalue", "pk": 12, "fields": {"variation_type": 5, "value": "500 g", "stock": 10, "price": 55000}}, {"model": "store.productvariationvalue", "pk": 13, "fields": {"variation_type": 5, "value": "750 g", "stock": 10, "price": 65000}}, {"model": "store.productvariationvalue", "pk": 14, "fields": {"variation_type": 5, "value": "1000 g", "stock": 10, "price": 75000}}, {"model": "store.productvariationvalue", "pk": 15, "fields": {"variation_type": 6, "value": "M", "stock": 10, "price": 99000}}, {"model": "store.productvariationvalue", "pk": 16, "fields": {"variation_type": 6, "value": "L", "stock": 10, "price": 99000}}, {"model": "store.productvariationvalue", "pk": 17, "fields": {"variation_type": 6, "value": "XL", "stock": 10, "price": 99000}}, {"model": "store.productvariationvalue", "pk": 18, "fields": {"variation_type": 7, "value": "M", "stock": 10, "price": 99000}}, {"model": "store.productvariationvalue", "pk": 19, "fields": {"variation_type": 7, "value": "L", "stock": 10, "price": 99000}}, {"model": "store.productvariationvalue", "pk": 20, "fields": {"variation_type": 7, "value": "XL", "stock": 10, "price": 99000}}, {"model": "store.category", "pk": 1, "fields": {"name": "pakaian", "slug": "pakaian", "icon": null}}, {"model": "store.category", "pk": 2, "fields": {"name": "parfum", "slug": "parfum", "icon": null}}, {"model": "store.category", "pk": 3, "fields": {"name": "makanan", "slug": "makanan", "icon": null}}, {"model": "store.category", "pk": 4, "fields": {"name": "aksesoris", "slug": "aksesoris", "icon": null}}, {"model": "store.category", "pk": 5, "fields": {"name": "kesehatan", "slug": "kesehatan", "icon": null}}, {"model": "store.product", "pk": 4, "fields": {"category": 1, "name": "Kaos Palestina - Save Gaza Palestine", "slug": "kaos-palestina-save-gaza-palestine", "description": "ssss", "price": 129000, "discount_price": 99000, "stock": 10, "available": true, "created": "2025-06-26T00:30:22.495Z", "updated": "2025-06-30T01:06:05.671Z", "image": "product/save_gaza_putih.jpg"}}, {"model": "store.product", "pk": 5, "fields": {"category": 1, "name": "Kaos Palestina - Al aqsa", "slug": "kaos-palestina-al-aqsa", "description": "KAOS PEDULI PALESTINA", "price": 129000, "discount_price": 99000, "stock": 20, "available": true, "created": "2025-06-27T22:37:34.781Z", "updated": "2025-06-30T00:03:20.190Z", "image": "products/GAZA_TONIGT.jpg"}}, {"model": "store.product", "pk": 6, "fields": {"category": 1, "name": "SAVE GAZA PALESTINE HITAM", "slug": "save-gaza-palestine-hitam", "description": "KAOS PEDULI PALESTINA", "price": 129000, "discount_price": 99000, "stock": 20, "available": true, "created": "2025-06-27T22:38:08.528Z", "updated": "2025-06-30T00:02:51.108Z", "image": "products/HITAM_e1lLg2r.jpg"}}, {"model": "store.product", "pk": 7, "fields": {"category": 2, "name": "Parfum Arabic - Egyptian", "slug": "parfum-arabic-egyptian", "description": "Parfum", "price": 50000, "discount_price": 39000, "stock": 20, "available": true, "created": "2025-06-29T20:56:42.650Z", "updated": "2025-06-30T00:02:03.443Z", "image": "product/parfum.jpeg"}}, {"model": "store.product", "pk": 8, "fields": {"category": 3, "name": "Kurma Arabic Gurun Sahara", "slug": "kurma-arabic-gurun-sahara", "description": "Kurma Arabic", "price": 95000, "discount_price": 55000, "stock": 20, "available": true, "created": "2025-06-29T20:57:36.233Z", "updated": "2025-06-30T00:01:41.537Z", "image": "product/kurma.jpeg"}}, {"model": "store.product", "pk": 9, "fields": {"category": 4, "name": "Kaligrafi Arabic - Berliac", "slug": "kaligrafi-arabic-berliac", "description": "Kaligrafi", "price": 150000, "discount_price": 75000, "stock": 20, "available": true, "created": "2025-06-29T20:58:22.143Z", "updated": "2025-06-30T01:05:31.004Z", "image": "product/imgi_91_id-11134207-7ras8-m5cqfz1vuurk48.jpeg"}}, {"model": "store.product", "pk": 10, "fields": {"category": 5, "name": "Madu Herbal Arabic - Original Alami", "slug": "madu-herbal-arabic-original-alami", "description": "Madu Herbal Kesehatan", "price": 200000, "discount_price": 145000, "stock": 20, "available": true, "created": "2025-06-29T20:59:08.399Z", "updated": "2025-06-29T23:25:51.631Z", "image": "product/imgi_7_id-11134207-7r98o-lxasncqph16254.jpeg"}}]